Datetime,Water Level (m)
2025-12-25 00:00:00,-0.78824484
2025-12-25 01:00:00,-0.74836844
2025-12-25 02:00:00,-0.5895355
2025-12-25 03:00:00,-0.34150296
2025-12-25 04:00:00,-0.0755318
2025-12-25 05:00:00,0.12484969
2025-12-25 06:00:00,0.20440403
2025-12-25 07:00:00,0.14117816
2025-12-25 08:00:00,-0.026665268
2025-12-25 09:00:00,-0.26612976
2025-12-25 10:00:00,-0.5116229
2025-12-25 11:00:00,-0.68726116
2025-12-25 12:00:00,-0.7492326
2025-12-25 13:00:00,-0.67139167
2025-12-25 14:00:00,-0.45917854
2025-12-25 15:00:00,-0.17449152
2025-12-25 16:00:00,0.12610613
2025-12-25 17:00:00,0.3738375
2025-12-25 18:00:00,0.48560646
2025-12-25 19:00:00,0.43936226
2025-12-25 20:00:00,0.25547674
2025-12-25 21:00:00,-0.020848852
2025-12-25 22:00:00,-0.32707074
2025-12-25 23:00:00,-0.60507876
2025-12-26 00:00:00,-0.78676414
2025-12-26 01:00:00,-0.8257349
2025-12-26 02:00:00,-0.7317162
2025-12-26 03:00:00,-0.5385329
2025-12-26 04:00:00,-0.28596124
2025-12-26 05:00:00,-0.035904497
2025-12-26 06:00:00,0.13948901
2025-12-26 07:00:00,0.19534622
2025-12-26 08:00:00,0.14036363
2025-12-26 09:00:00,-0.021730019
2025-12-26 10:00:00,-0.24345113
2025-12-26 11:00:00,-0.47034904
2025-12-26 12:00:00,-0.6276637
2025-12-26 13:00:00,-0.66681874
2025-12-26 14:00:00,-0.57049733
2025-12-26 15:00:00,-0.36868072
2025-12-26 16:00:00,-0.11014031
2025-12-26 17:00:00,0.16134912
2025-12-26 18:00:00,0.35256827
2025-12-26 19:00:00,0.4066465
2025-12-26 20:00:00,0.32772502
2025-12-26 21:00:00,0.13989945
2025-12-26 22:00:00,-0.12038165
2025-12-26 23:00:00,-0.40969163
2025-12-27 00:00:00,-0.66204375
2025-12-27 01:00:00,-0.8058664
2025-12-27 02:00:00,-0.82248986
2025-12-27 03:00:00,-0.7180989
2025-12-27 04:00:00,-0.51417184
2025-12-27 05:00:00,-0.2560903
2025-12-27 06:00:00,-0.010523756
2025-12-27 07:00:00,0.15495656
2025-12-27 08:00:00,0.21686272
2025-12-27 09:00:00,0.15919904
2025-12-27 10:00:00,-0.00072964444
2025-12-27 11:00:00,-0.21352388
2025-12-27 12:00:00,-0.42096582
2025-12-27 13:00:00,-0.56675124
2025-12-27 14:00:00,-0.60219544
2025-12-27 15:00:00,-0.5192579
2025-12-27 16:00:00,-0.34831363
2025-12-27 17:00:00,-0.11124255
2025-12-27 18:00:00,0.11506557
2025-12-27 19:00:00,0.27273375
2025-12-27 20:00:00,0.30005944
2025-12-27 21:00:00,0.2158668
2025-12-27 22:00:00,0.039278425
2025-12-27 23:00:00,-0.2020809
2025-12-28 00:00:00,-0.47794873
2025-12-28 01:00:00,-0.70539254
2025-12-28 02:00:00,-0.8298634
2025-12-28 03:00:00,-0.84250104
2025-12-28 04:00:00,-0.744901
2025-12-28 05:00:00,-0.5345219
2025-12-28 06:00:00,-0.2623337
2025-12-28 07:00:00,-0.010548676
2025-12-28 08:00:00,0.17339422
2025-12-28 09:00:00,0.24909954
2025-12-28 10:00:00,0.20121251
2025-12-28 11:00:00,0.048702016
2025-12-28 12:00:00,-0.14847796
2025-12-28 13:00:00,-0.35108948
2025-12-28 14:00:00,-0.49312758
2025-12-28 15:00:00,-0.55297947
2025-12-28 16:00:00,-0.5049982
2025-12-28 17:00:00,-0.3634839
2025-12-28 18:00:00,-0.162192
2025-12-28 19:00:00,0.03066988
2025-12-28 20:00:00,0.1661736
2025-12-28 21:00:00,0.21191554
2025-12-28 22:00:00,0.15586519
2025-12-28 23:00:00,0.0007238613
2025-12-29 00:00:00,-0.23563696
2025-12-29 01:00:00,-0.49818876
2025-12-29 02:00:00,-0.7279136
2025-12-29 03:00:00,-0.85839105
2025-12-29 04:00:00,-0.8812307
2025-12-29 05:00:00,-0.77017
2025-12-29 06:00:00,-0.5492918
2025-12-29 07:00:00,-0.26743725
2025-12-29 08:00:00,0.008994082
2025-12-29 09:00:00,0.21147713
2025-12-29 10:00:00,0.3065895
2025-12-29 11:00:00,0.2810049
2025-12-29 12:00:00,0.15022396
2025-12-29 13:00:00,-0.04614455
2025-12-29 14:00:00,-0.2644007
2025-12-29 15:00:00,-0.43491486
2025-12-29 16:00:00,-0.54588354
2025-12-29 17:00:00,-0.53901947
2025-12-29 18:00:00,-0.43043953
2025-12-29 19:00:00,-0.25273138
2025-12-29 20:00:00,-0.06871245
2025-12-29 21:00:00,0.08304318
2025-12-29 22:00:00,0.15243396
2025-12-29 23:00:00,0.12788402
2025-12-30 00:00:00,-0.01684806
2025-12-30 01:00:00,-0.23612326
2025-12-30 02:00:00,-0.50554943
2025-12-30 03:00:00,-0.7458331
2025-12-30 04:00:00,-0.9019537
2025-12-30 05:00:00,-0.9275439
2025-12-30 06:00:00,-0.8095507
2025-12-30 07:00:00,-0.57937115
2025-12-30 08:00:00,-0.26284358
2025-12-30 09:00:00,0.050544504
2025-12-30 10:00:00,0.27955908
2025-12-30 11:00:00,0.40303066
2025-12-30 12:00:00,0.39538944
2025-12-30 13:00:00,0.27534035
2025-12-30 14:00:00,0.053917103
2025-12-30 15:00:00,-0.18830587
2025-12-30 16:00:00,-0.42639977
2025-12-30 17:00:00,-0.5745756
2025-12-30 18:00:00,-0.6171036
2025-12-30 19:00:00,-0.5393966
2025-12-30 20:00:00,-0.3660773
2025-12-30 21:00:00,-0.15364197
2025-12-30 22:00:00,0.031239541
2025-12-30 23:00:00,0.14192812
2025-12-31 00:00:00,0.14575158
